Strategy_buy_hold,Strategy_miss_best_ten,Strategy_miss_worst_ten,Strategy_5_best_5_worst
255.82822085889572,105.09554140127388,105.09554140127388,105.09554140127388
