Strategy,S_win,L_win,trans,P/L,Winning,P/L,Loosing,P/L
Strategy_1,14,50,17,-20.408163265306115,6,16.855572609972853,11,12.580350435242975
